date,AL,AK,AZ,AR,CA,CO,CT,DE,FL,GA,HI,ID,IL,IN,IA,KS,KY,LA,ME,MD,MA,MI,MN,MS,MO,MT,NE,NV,NH,NJ,NM,NY,NC,ND,OH,OK,OR,PA,RI,SC,SD,TN,TX,UT,VT,VA,WA,WV,WI,WY
1975-01-01,72.93,62.85,59.2,66.69,41.59,54.55,61.97,77.8,66.36,74.1,57.15,70.11,66.54,66.02,58.95,62.01,64.03,51.72,54.59,61.71,68.1,60.26,55.26,75.38,65.74,56.19,63.78,52.43,58.75,64.11,56.9,78.57,66.03,67.85,65.08,52.09,50.79,70.6,61.74,75.12,69.17,67.89,55.43,55.01,77.38,70.19,46.08,50.13,61.95,49.18
1975-04-01,71.71,64.25,61.04,60.74,42.74,54.36,62.53,89.42,84.11,72.0,54.84,64.25,62.22,60.86,63.92,62.33,66.06,55.89,88.65,62.48,65.99,62.28,55.28,71.87,73.12,55.77,63.15,44.0,71.15,59.72,58.72,75.67,67.08,59.79,64.74,52.86,51.3,69.49,65.97,70.25,71.37,68.32,58.46,57.2,76.97,66.7,47.07,63.59,62.83,47.91
1975-07-01,74.09,77.4,59.2,65.52,44.24,54.69,61.56,116.11,67.37,74.43,56.04,64.14,64.08,63.62,63.42,63.68,66.94,52.94,69.44,65.17,67.47,63.17,58.26,72.78,65.56,59.15,61.18,45.11,61.57,60.09,59.39,77.6,68.49,65.6,64.34,52.26,54.06,73.87,65.44,72.22,64.58,67.41,56.31,55.32,67.09,67.61,49.31,67.04,64.32,50.32
1975-10-01,70.58,68.91,55.61,62.9,45.79,55.09,61.9,75.43,68.46,73.87,57.37,61.73,66.63,63.45,65.98,64.7,68.81,55.57,71.57,66.61,70.42,62.2,59.94,73.04,65.13,57.87,68.07,53.52,45.24,62.82,55.79,79.94,70.44,63.62,65.77,53.21,53.03,71.61,66.99,69.58,61.26,70.77,59.49,60.1,72.79,67.78,47.91,68.02,68.97,53.84
1976-01-01,76.94,71.8,58.09,66.71,47.74,55.01,65.0,80.63,68.43,71.22,54.14,65.86,67.72,62.11,67.57,66.78,69.4,58.9,57.43,67.1,67.96,62.73,61.93,73.92,66.86,59.47,67.28,49.91,72.26,62.27,59.84,73.37,69.66,74.67,66.38,54.57,57.16,72.65,65.66,70.47,62.94,69.68,59.11,61.42,117.12,69.23,50.26,62.41,65.67,54.23
1976-04-01,76.43,72.22,62.87,68.89,50.21,59.85,63.77,86.59,76.45,73.17,56.64,71.52,70.19,65.48,70.16,67.69,68.71,59.09,70.32,69.63,69.2,64.13,62.76,75.28,77.24,65.65,67.39,56.06,55.71,63.83,61.61,75.01,69.8,72.7,68.66,60.58,56.84,76.51,68.71,77.6,64.12,68.41,63.73,61.14,57.56,68.69,53.42,67.36,65.44,55.43
1976-07-01,77.01,75.96,60.8,71.63,53.53,59.89,66.94,80.72,69.38,79.24,54.95,69.34,73.52,65.37,74.09,68.79,69.2,58.44,84.32,70.5,69.36,64.36,63.06,72.07,69.77,63.43,67.75,60.33,66.86,66.09,63.49,75.6,70.45,71.98,71.11,59.26,59.84,77.33,71.06,76.52,71.15,70.89,63.41,64.73,81.2,70.55,56.35,69.05,67.66,58.5
1976-10-01,79.62,75.64,60.86,72.38,55.47,62.01,68.05,84.6,70.96,78.49,56.36,68.89,73.21,68.39,71.39,70.64,69.69,61.72,69.02,71.78,70.5,65.76,64.26,80.83,69.25,64.81,70.56,74.18,69.09,62.12,65.67,74.15,70.58,73.41,72.4,61.97,63.47,75.35,69.9,75.84,66.44,71.59,63.23,64.31,79.57,72.05,57.61,66.24,68.39,63.11
1977-01-01,81.21,79.53,63.15,73.61,57.95,64.72,63.79,88.59,71.56,76.7,56.74,71.69,80.45,70.82,76.04,72.81,70.01,62.75,78.01,72.07,72.84,67.19,66.64,75.17,70.95,66.04,72.16,56.05,64.5,65.27,69.89,77.83,75.03,82.18,73.2,63.91,67.13,74.38,69.54,75.46,62.13,75.2,66.11,69.09,114.76,73.11,59.6,68.66,72.69,63.22
1977-04-01,83.5,77.71,63.77,75.45,62.95,65.65,68.3,78.06,79.49,76.2,59.32,72.33,83.56,71.48,78.3,76.25,73.62,65.22,81.19,73.42,70.09,68.11,68.75,77.84,81.15,71.42,74.52,63.42,67.31,65.83,70.14,82.93,73.91,86.41,75.11,63.76,69.11,80.25,72.63,79.49,70.08,77.43,71.22,70.79,82.34,74.97,62.72,84.4,76.04,64.73
1977-07-01,88.04,79.62,65.83,78.81,67.91,69.08,71.33,81.46,72.76,78.9,61.42,78.44,83.45,73.76,80.22,77.75,76.88,62.65,81.6,76.65,73.86,71.21,73.06,78.42,77.7,76.12,78.4,70.94,71.09,67.52,73.16,82.36,76.72,79.8,78.76,67.83,74.04,80.74,75.19,81.4,78.34,77.7,69.42,74.72,76.29,77.53,67.28,74.52,78.09,67.29
1977-10-01,89.25,81.4,69.61,81.52,70.61,73.17,72.19,83.22,75.25,78.56,62.49,82.47,88.93,78.36,83.62,80.46,78.62,68.42,87.85,77.26,73.95,72.64,74.91,86.91,80.08,79.94,79.68,76.7,76.1,69.41,75.83,84.78,81.23,77.65,81.09,69.52,78.19,83.59,77.07,82.6,81.39,79.35,73.32,74.85,77.02,79.05,70.66,86.56,80.86,71.32
1978-01-01,88.36,80.79,70.79,81.64,73.18,76.17,73.23,83.16,78.88,84.26,64.67,89.4,90.62,81.21,86.0,82.74,81.42,73.43,82.94,81.92,78.82,75.54,76.48,86.66,82.98,88.9,78.94,73.88,76.8,71.29,77.0,83.38,82.88,87.96,83.17,71.95,80.09,83.89,79.85,82.23,76.93,84.82,76.5,81.84,90.82,80.35,74.31,85.11,84.53,73.44
1978-04-01,88.49,86.65,73.62,83.61,75.95,80.04,79.42,91.24,83.79,81.56,65.51,88.36,97.89,84.37,90.29,84.93,84.09,73.43,92.35,83.49,79.96,79.54,81.99,87.94,92.84,89.56,85.86,82.81,71.96,73.28,78.02,87.78,83.05,82.41,86.25,77.77,84.73,87.27,82.17,86.83,83.87,83.55,78.92,83.82,92.06,83.53,79.51,80.55,87.61,76.67
1978-07-01,96.25,89.54,78.68,86.4,78.55,84.28,86.89,85.78,83.51,85.35,67.16,90.2,99.58,86.91,91.18,88.76,88.79,77.73,90.82,85.77,85.35,82.93,85.56,93.2,90.14,89.61,86.6,87.77,83.8,76.27,81.1,83.87,86.67,90.61,88.9,81.58,88.2,86.1,84.02,88.4,86.09,87.06,81.56,86.94,99.58,86.25,83.8,84.09,90.66,78.64
1978-10-01,96.3,88.6,82.81,86.18,81.62,87.92,88.21,83.67,85.14,86.27,74.96,90.65,101.93,89.38,95.65,90.71,91.56,81.9,94.3,88.47,87.85,86.72,87.6,91.1,90.97,91.32,86.78,89.37,86.22,79.45,84.05,84.12,87.29,86.68,91.29,84.16,91.98,87.77,88.63,89.9,85.22,90.08,85.6,89.99,87.52,89.34,86.67,85.45,92.5,82.32
1979-01-01,99.61,90.28,87.5,92.58,84.83,91.96,95.24,87.35,89.88,87.84,73.83,97.41,97.28,93.58,96.5,92.52,95.75,88.01,106.25,91.3,91.61,91.6,91.74,98.63,95.75,94.73,92.73,95.46,89.07,84.87,89.11,96.16,90.35,97.19,95.54,88.16,95.69,92.01,90.53,93.84,88.71,91.62,88.77,94.42,94.55,89.59,88.6,83.9,96.64,87.2
1979-04-01,100.31,101.97,92.32,95.83,88.59,94.82,97.49,87.41,92.5,90.95,81.9,93.49,101.95,96.21,99.44,94.49,97.94,92.18,104.79,94.68,94.25,95.95,94.8,100.99,102.87,99.57,94.24,101.08,93.18,87.17,91.85,95.7,91.91,98.91,98.34,90.56,96.28,96.61,92.19,95.96,91.62,91.86,92.18,97.16,88.03,91.66,93.8,90.02,99.82,92.51
1979-07-01,101.93,97.37,94.6,100.49,93.07,97.82,100.3,94.81,93.9,92.09,89.19,97.99,100.67,97.88,102.39,96.96,97.0,95.31,98.26,96.83,97.92,99.02,97.22,106.84,98.59,96.89,97.88,90.67,96.96,91.8,93.86,94.71,96.12,97.33,99.16,93.4,98.35,95.87,93.36,97.66,99.19,96.69,94.89,98.02,95.54,94.61,95.77,89.88,99.4,97.45
1979-10-01,108.47,96.69,98.91,101.99,96.35,99.65,101.53,96.79,98.09,95.78,92.99,99.96,99.88,97.66,101.9,98.34,99.5,97.43,107.06,98.04,98.67,99.54,98.78,93.08,100.72,103.68,97.75,97.99,94.73,94.41,95.76,98.32,96.37,99.95,100.74,95.8,100.06,98.66,100.53,100.27,90.67,96.31,96.8,99.4,108.99,95.69,98.03,95.64,99.53,96.55
1980-01-01,100.0,100.0,100.0,100.0,100.0,100.0,100.0,100.0,100.0,100.0,100.0,100.0,100.0,100.0,100.0,100.0,100.0,100.0,100.0,100.0,100.0,100.0,100.0,100.0,100.0,100.0,100.0,100.0,100.0,100.0,100.0,100.0,100.0,100.0,100.0,100.0,100.0,100.0,100.0,100.0,100.0,100.0,100.0,100.0,100.0,100.0,100.0,100.0,100.0,100.0
1980-04-01,103.36,83.62,98.62,101.67,102.88,102.62,101.49,108.09,99.97,100.39,101.09,99.28,100.61,98.53,100.84,101.68,101.27,99.48,102.63,103.11,104.39,101.95,102.05,97.75,111.09,92.52,103.37,102.15,97.5,101.58,97.76,107.03,98.21,107.6,99.6,98.71,98.76,95.99,102.96,103.78,107.04,100.19,104.75,97.58,101.0,101.04,100.36,102.62,100.93,97.19
1980-07-01,109.95,73.67,106.68,107.0,106.55,107.18,103.69,110.31,106.22,102.11,101.48,104.49,102.36,101.95,101.45,102.6,101.25,101.34,110.0,104.95,108.91,102.81,106.71,104.49,105.24,107.67,101.79,105.76,102.95,100.86,99.05,114.78,101.3,99.88,101.98,103.77,105.27,101.36,102.66,109.38,101.16,99.66,104.34,104.3,104.67,104.4,103.26,103.54,105.08,101.8
1980-10-01,109.03,94.48,107.33,108.95,108.41,106.82,104.91,107.48,109.09,102.89,108.08,99.91,99.8,101.06,97.69,104.43,104.89,102.77,106.58,107.67,109.31,101.77,104.71,103.52,105.55,100.97,105.83,102.7,98.24,103.86,105.03,111.23,102.61,93.8,103.39,101.71,101.97,101.28,99.7,105.68,97.27,100.05,106.15,103.81,110.33,104.15,102.05,116.34,101.57,95.04
1981-01-01,105.66,89.68,108.36,110.03,110.58,106.94,103.73,109.48,111.19,107.41,102.34,109.6,101.73,103.89,94.72,98.58,107.88,106.56,126.35,110.7,113.18,103.13,100.72,96.39,103.43,95.28,103.28,109.4,98.65,104.29,101.11,112.33,105.61,102.66,103.14,102.58,97.4,101.49,95.03,112.43,92.24,97.14,105.43,105.42,110.47,106.08,99.94,100.37,102.72,102.83
1981-04-01,109.16,109.52,111.35,107.24,113.08,108.67,109.91,103.9,112.92,107.98,98.33,100.44,107.13,102.51,93.14,103.91,106.0,108.49,114.53,112.89,119.37,103.39,100.68,115.21,103.67,101.67,102.99,117.1,100.65,105.77,111.19,108.62,106.2,97.06,103.66,106.13,98.55,103.56,106.23,115.4,98.56,106.39,111.94,109.69,108.42,105.4,104.79,95.65,102.92,109.6
1981-07-01,113.0,117.2,116.98,110.81,116.52,114.92,113.75,116.73,108.96,108.61,85.92,99.79,106.78,104.92,88.17,102.96,103.41,111.31,109.42,110.77,121.99,106.18,104.5,108.0,103.1,113.11,100.83,118.11,99.66,107.57,114.15,115.64,105.89,116.46,103.2,111.32,95.74,104.12,103.7,117.85,104.04,108.6,115.52,108.79,101.72,106.17,105.68,111.71,103.02,110.52
1981-10-01,107.04,130.11,110.12,102.88,117.77,114.91,112.06,106.53,114.59,112.49,49.9,118.09,107.93,107.18,102.72,105.64,104.17,113.27,116.43,114.51,122.29,105.36,107.06,93.9,102.2,99.85,100.4,113.79,108.19,107.65,118.06,115.29,104.39,109.66,101.63,113.18,89.83,101.05,100.31,115.68,86.88,106.43,120.39,112.2,62.99,109.34,105.97,109.85,91.29,109.44
1982-01-01,109.09,138.0,106.35,103.57,115.29,119.79,111.09,101.98,119.08,113.5,113.7,99.57,103.97,104.09,93.67,105.33,106.88,114.19,108.76,115.67,124.1,104.65,108.06,103.33,103.24,104.79,106.41,120.06,106.39,111.06,121.33,129.69,107.01,99.02,101.08,115.93,99.94,105.42,103.05,119.14,68.83,106.43,124.19,106.05,122.36,108.02,105.98,,86.7,111.54
1982-04-01,107.99,131.17,111.84,106.49,116.4,121.64,111.48,118.68,120.47,115.42,103.4,109.42,103.37,103.99,96.94,104.46,106.81,115.66,135.42,111.83,125.2,99.66,107.36,105.8,101.71,114.97,107.08,120.61,100.2,112.2,125.12,133.67,109.38,84.1,98.31,118.74,93.9,107.85,103.55,118.38,109.83,105.84,124.95,109.42,117.06,107.92,103.54,114.73,96.22,108.92
1982-07-01,107.67,142.0,108.22,111.27,117.01,123.28,110.52,113.29,122.63,114.19,100.79,103.46,99.26,101.8,90.24,105.44,105.13,115.32,110.1,114.93,127.29,98.09,107.0,109.75,103.74,99.51,109.14,121.11,109.1,111.41,130.06,124.91,109.4,72.74,101.97,119.65,96.0,104.94,103.91,120.53,107.51,106.27,124.0,111.69,107.57,104.26,99.54,84.73,98.65,108.87
1982-10-01,115.42,141.58,109.61,109.11,116.93,126.91,112.46,116.92,122.95,116.42,86.76,111.24,101.08,104.21,94.45,105.56,107.2,115.46,114.28,111.89,128.46,88.02,109.36,108.62,104.16,112.79,108.83,123.31,106.24,109.31,124.21,128.85,111.79,88.26,103.28,122.61,102.43,105.6,108.46,120.73,119.03,107.45,126.93,114.72,114.01,113.33,105.62,86.13,99.52,112.68
1983-01-01,114.77,139.98,119.29,113.56,117.76,126.74,118.57,117.21,123.31,117.69,102.29,109.86,101.99,105.97,97.94,106.21,108.78,116.26,115.39,113.9,130.83,96.77,113.21,112.89,105.59,98.53,109.27,120.15,108.61,110.14,130.75,129.04,112.8,99.35,102.68,123.57,98.73,108.47,110.12,123.56,93.69,110.76,127.39,114.52,117.78,115.43,106.86,99.13,103.73,111.14
1983-04-01,114.17,140.92,119.39,117.13,117.71,125.65,120.84,119.57,125.28,118.45,106.3,105.3,104.92,106.0,99.18,109.09,109.94,117.27,120.58,115.61,136.75,97.08,113.4,113.14,108.13,103.82,109.18,117.59,112.34,113.87,122.43,132.84,111.27,106.63,105.39,125.54,100.22,110.19,111.94,121.15,121.47,110.99,127.23,115.38,112.61,118.37,105.85,93.0,106.18,105.87
1983-07-01,117.08,147.7,115.37,118.65,117.49,127.18,122.35,122.89,125.24,121.01,112.28,105.3,105.93,105.57,99.14,106.75,110.08,115.86,125.75,116.78,143.85,97.26,112.73,111.01,111.61,109.92,111.35,119.76,115.94,117.7,123.48,138.43,113.85,90.33,106.12,126.61,99.27,112.51,119.15,124.2,100.1,112.38,126.97,111.56,118.14,118.72,104.31,93.37,105.86,103.43
1983-10-01,113.84,147.31,113.39,119.08,117.94,122.07,125.83,128.42,125.45,120.78,106.21,107.07,107.11,104.91,98.52,107.85,109.46,116.63,133.1,118.32,148.93,95.12,110.35,115.19,112.68,114.14,111.95,115.55,117.7,120.86,125.71,147.12,115.28,109.41,105.62,125.89,98.81,113.44,121.11,120.6,99.03,113.54,127.32,113.09,123.45,118.65,104.96,92.53,105.98,99.09
1984-01-01,123.75,151.25,117.38,120.85,119.74,126.77,130.86,125.58,126.48,124.45,109.18,108.63,107.86,104.97,98.81,108.05,112.87,116.78,133.04,119.08,157.21,97.54,114.04,118.71,113.25,122.97,110.29,119.81,122.42,124.03,124.65,150.76,117.9,118.35,106.03,122.08,98.49,113.46,119.53,127.01,113.63,110.84,126.19,112.06,121.96,121.57,107.17,98.52,106.11,100.52
1984-04-01,120.22,149.28,122.01,119.02,120.33,125.98,134.34,129.18,127.48,126.64,113.78,107.44,110.54,107.53,100.72,108.35,110.82,117.34,139.68,122.87,165.5,97.17,113.75,115.66,115.27,119.8,112.84,118.6,127.75,130.2,121.92,156.58,122.2,112.83,107.2,121.98,97.62,116.52,121.17,125.87,109.73,116.6,127.39,113.97,123.54,123.29,107.83,94.07,107.96,95.92
1984-07-01,125.0,155.64,122.79,119.87,121.81,126.26,139.95,132.37,128.79,124.72,110.62,109.23,111.21,106.43,99.31,107.77,112.83,115.88,142.88,124.38,175.36,97.33,115.64,113.18,118.96,115.07,112.22,113.55,133.29,135.06,126.35,162.24,121.61,114.71,107.24,119.5,96.2,118.32,127.09,123.21,117.9,110.46,129.75,114.59,126.18,124.99,109.32,95.04,107.93,98.65
1984-10-01,121.52,153.82,122.13,121.41,122.88,124.23,141.62,134.25,127.05,129.18,109.3,112.07,112.8,108.61,101.08,107.96,113.0,114.67,141.12,124.71,181.49,97.51,115.8,114.43,118.94,110.93,111.87,117.24,137.38,138.36,127.65,169.34,124.85,109.01,107.45,119.41,99.66,119.18,128.94,127.54,107.03,119.16,129.26,112.08,126.9,124.57,110.19,87.28,106.32,96.1
1985-01-01,121.53,146.04,125.12,121.88,124.64,127.0,148.17,137.13,128.54,131.69,115.08,107.38,113.58,109.4,101.51,108.94,114.51,111.68,146.57,126.84,191.2,99.74,116.97,120.48,120.22,115.52,111.37,117.72,141.76,142.33,126.24,176.36,127.63,109.72,108.12,118.59,97.92,120.63,131.75,130.92,110.75,121.08,127.91,116.59,129.57,127.5,110.72,92.65,107.89,97.54
1985-04-01,124.67,146.46,125.36,120.32,126.45,126.14,155.19,141.17,128.98,129.03,113.31,112.98,115.0,110.94,101.53,109.46,115.61,113.24,151.36,128.63,205.63,100.81,118.35,122.47,123.63,109.77,113.0,117.93,152.02,148.66,126.37,184.61,130.05,110.31,109.32,116.81,97.82,123.87,137.93,131.13,108.98,122.07,128.89,115.94,134.62,129.72,111.0,96.2,109.68,95.39
1985-07-01,127.55,146.45,127.23,124.4,129.27,127.12,159.71,143.99,128.83,135.08,117.13,113.75,116.35,111.55,103.14,110.14,114.95,113.3,157.08,130.94,218.71,102.71,115.77,123.08,125.46,115.6,113.04,118.72,159.79,155.1,128.46,191.39,132.87,113.12,110.61,116.92,97.02,126.25,142.2,132.0,112.95,124.34,128.93,116.35,136.19,131.52,111.67,93.5,110.65,94.13
1985-10-01,128.51,143.07,128.74,124.84,130.67,124.83,168.38,146.36,130.61,137.81,117.95,111.53,118.32,113.23,102.13,110.87,117.19,110.81,165.59,131.16,233.07,103.82,120.01,123.24,126.52,117.89,114.14,118.97,169.87,161.95,128.55,198.86,134.68,108.91,111.49,113.59,97.18,127.98,151.04,132.29,112.93,125.85,127.78,115.32,139.14,132.33,112.13,88.92,110.77,94.35
1986-01-01,129.45,143.82,131.2,126.12,132.34,129.34,174.19,151.86,131.98,140.08,120.24,113.49,120.07,114.53,103.32,113.04,118.81,113.74,168.21,133.81,242.46,105.45,121.38,124.35,127.48,117.01,115.43,121.51,178.07,168.04,130.32,206.86,135.89,113.25,112.99,115.74,97.97,130.97,155.12,135.53,116.89,128.59,130.6,119.17,144.27,134.64,113.6,96.62,112.31,97.54
1986-04-01,131.91,146.2,135.18,129.04,134.89,130.1,185.06,155.18,135.45,141.91,120.26,112.09,122.74,116.5,103.88,113.49,120.9,114.46,173.95,137.67,254.54,108.83,120.68,125.99,129.41,114.15,115.61,124.43,186.43,178.17,133.04,217.26,138.45,112.45,114.49,116.85,98.69,134.65,162.74,136.56,117.98,130.61,132.73,118.85,146.59,137.07,114.2,96.88,113.57,98.04
1986-07-01,133.69,141.57,135.22,126.99,137.81,129.21,198.99,159.96,136.31,143.64,121.27,113.06,125.45,118.29,104.32,114.52,121.09,111.81,181.19,141.12,266.96,112.09,124.2,124.52,131.89,114.86,115.73,124.45,195.22,189.35,132.24,227.11,140.91,111.74,116.34,112.68,99.55,139.24,174.0,138.4,114.3,132.73,130.03,118.07,152.31,140.06,114.72,96.25,113.94,95.04
1986-10-01,136.02,138.24,133.14,128.73,141.15,128.52,212.25,165.54,136.47,146.03,124.08,113.73,128.38,119.73,104.05,115.12,123.7,110.75,190.16,144.85,279.68,114.58,124.04,125.09,134.06,115.19,116.98,124.16,206.23,199.26,133.28,237.3,142.74,109.45,117.88,111.17,97.82,143.92,190.2,140.54,117.0,134.61,127.63,117.98,158.48,142.44,115.93,98.95,114.36,90.91
1987-01-01,138.13,134.79,137.61,129.76,144.77,130.18,224.48,171.87,137.22,148.42,128.1,114.9,130.85,121.5,105.46,115.95,125.21,110.85,197.33,149.0,289.23,117.52,126.82,126.46,135.89,110.16,117.5,126.81,211.56,210.27,134.85,246.67,145.41,113.39,120.1,111.07,99.99,148.63,203.71,143.28,120.85,138.09,127.98,119.3,163.65,145.55,117.03,97.87,115.27,93.36
1987-04-01,139.01,125.24,136.49,131.28,148.3,128.7,236.85,175.94,139.26,150.08,131.14,112.78,135.53,122.93,105.37,117.73,126.57,110.4,205.03,153.28,296.41,121.46,129.02,126.33,138.85,112.61,116.87,126.15,220.51,221.4,133.73,255.36,146.98,110.57,122.54,107.97,100.37,154.63,215.41,144.69,118.43,140.6,124.13,118.08,168.56,149.49,117.94,99.52,116.59,88.3
1987-07-01,139.71,116.93,135.66,128.05,152.98,125.99,249.29,183.52,139.41,151.73,133.18,109.31,138.66,124.47,105.57,117.35,129.27,104.97,214.85,160.1,305.55,124.08,130.2,124.6,140.22,110.78,115.41,125.36,222.78,230.1,132.23,267.03,149.35,110.75,124.97,102.36,99.44,162.23,231.69,144.76,117.62,140.87,119.27,113.63,172.71,156.67,118.71,97.12,118.04,83.13
1987-10-01,138.25,106.02,133.34,124.5,157.31,124.82,257.11,188.47,140.38,152.54,135.87,109.11,140.61,124.84,102.39,116.6,129.48,104.76,222.51,162.44,307.88,126.12,129.23,123.74,140.83,104.51,116.11,124.86,226.85,235.29,131.2,270.85,150.4,110.39,126.2,99.97,98.75,167.77,241.15,145.43,119.15,142.94,115.69,112.83,182.36,160.24,119.43,98.02,119.36,79.25
1988-01-01,142.13,122.27,134.6,127.03,163.05,125.69,262.78,191.02,141.84,154.57,144.55,112.32,143.56,127.59,104.6,117.31,131.87,102.06,226.59,167.85,310.97,127.93,131.65,122.33,140.85,108.71,117.17,126.03,226.33,240.4,130.89,277.24,151.43,107.81,128.33,97.76,100.79,171.27,249.48,147.9,115.38,144.05,115.67,112.68,186.76,164.93,121.69,97.63,120.25,81.25
1988-04-01,143.18,116.29,135.98,127.8,169.8,125.49,266.99,196.6,144.77,156.5,151.85,112.77,148.14,129.26,106.34,118.18,133.1,102.4,230.94,173.83,316.52,131.18,133.58,124.48,142.87,110.31,117.8,126.99,229.16,246.61,130.32,280.8,153.92,109.13,131.07,98.54,101.43,178.36,252.54,150.09,115.59,144.58,117.52,113.95,194.79,170.47,123.55,100.95,122.17,76.7
1988-07-01,142.69,127.52,133.89,127.36,177.88,124.27,265.43,202.0,145.95,156.89,156.02,110.32,151.45,129.91,108.45,117.24,135.24,101.22,237.53,179.54,315.32,133.32,133.38,122.48,144.0,113.57,118.43,128.55,229.13,247.27,131.54,282.8,155.29,109.7,132.23,96.73,105.06,183.03,255.17,151.22,118.59,144.62,114.75,112.25,201.3,174.46,126.12,98.56,124.39,81.54
1988-10-01,141.45,133.16,134.41,126.68,187.65,123.59,265.5,207.61,147.13,156.68,166.97,110.66,152.86,131.19,108.06,119.04,136.51,99.91,239.16,183.66,317.65,134.5,134.22,124.58,143.76,112.46,118.31,130.19,228.78,246.52,129.94,283.63,156.03,105.0,133.47,97.42,105.66,184.73,257.36,151.69,117.44,144.31,113.77,112.3,203.09,177.92,127.55,98.54,125.02,81.49
1989-01-01,141.64,129.52,132.8,127.75,196.4,123.83,261.22,210.55,148.29,157.84,179.06,113.97,155.77,132.32,109.97,117.94,138.11,100.65,240.17,188.3,314.91,136.57,134.65,119.68,143.63,110.65,119.41,130.68,229.36,245.91,130.58,283.41,156.58,108.91,135.05,97.91,107.94,186.99,259.55,154.15,120.7,145.27,114.02,113.31,206.76,181.18,132.0,100.17,127.27,77.54
1989-04-01,143.39,105.14,132.61,127.35,206.12,124.89,261.21,217.37,149.3,158.3,183.99,114.52,158.86,134.11,111.14,119.99,139.19,100.57,242.6,193.07,312.84,139.39,136.51,123.75,145.28,111.72,120.53,132.61,225.88,245.5,131.14,282.89,157.4,108.2,136.43,99.51,110.49,188.39,260.74,154.26,117.13,146.24,114.95,113.44,212.19,185.02,137.63,102.01,128.73,84.12
1989-07-01,145.7,104.98,134.65,128.57,217.97,127.34,261.85,222.77,151.71,160.3,197.07,116.5,162.39,136.46,113.2,119.62,142.0,102.43,245.51,196.53,317.58,142.67,138.46,126.05,146.12,114.13,121.74,136.04,229.86,246.74,133.29,285.78,160.14,110.67,139.33,100.96,113.8,192.49,266.62,157.78,121.96,146.8,117.24,115.64,215.75,187.59,144.21,102.04,130.97,83.62
1989-10-01,146.75,102.92,133.65,127.6,224.85,126.91,260.83,224.35,152.91,161.51,203.56,116.93,164.36,136.88,114.2,120.23,142.71,102.28,247.7,199.73,318.28,143.24,139.19,125.04,146.72,115.52,122.74,137.95,230.13,247.48,135.16,286.64,160.57,111.6,140.32,100.19,116.67,194.94,267.73,158.12,119.13,147.05,116.86,115.49,217.73,189.02,152.75,102.22,131.7,83.94
1990-01-01,145.59,99.39,133.54,128.15,227.61,127.33,257.02,227.49,153.61,160.98,218.45,119.21,166.11,137.84,115.71,120.0,143.2,101.75,244.82,202.18,314.2,145.42,139.35,126.87,146.94,113.95,123.54,140.66,225.42,244.46,132.59,286.62,160.94,111.24,141.86,100.04,120.87,195.15,264.83,159.77,120.18,147.42,116.48,116.54,215.67,188.96,163.83,102.53,133.78,88.18
1990-04-01,146.81,113.11,132.77,128.38,228.38,128.24,249.16,226.55,153.08,159.57,231.41,123.71,168.0,139.15,117.18,119.58,144.4,102.74,240.17,202.87,305.22,147.68,139.31,124.71,146.77,116.36,125.62,142.67,216.0,239.25,133.26,283.33,161.35,110.86,143.18,101.12,126.95,195.51,260.28,161.18,125.45,147.22,117.42,118.04,216.88,189.25,173.05,102.99,135.84,85.62
1990-07-01,147.45,122.69,133.78,129.3,230.3,129.15,246.61,224.64,153.91,160.59,242.43,126.42,169.94,140.4,118.8,119.8,145.47,103.13,236.13,203.91,299.94,148.61,140.07,126.11,146.96,121.22,126.97,146.41,211.26,236.02,134.59,281.77,162.83,112.34,145.19,100.8,131.61,195.94,260.71,162.42,126.17,147.02,118.05,119.2,214.64,188.66,175.75,105.87,137.65,91.43
1990-10-01,147.61,120.33,132.55,128.74,228.75,129.56,239.92,224.82,153.35,159.48,252.19,125.67,170.46,140.91,119.69,119.34,145.03,103.56,238.18,202.67,292.89,148.99,140.0,124.83,145.7,121.49,126.99,148.06,204.03,232.05,135.12,278.62,162.74,111.02,145.5,100.44,133.92,195.34,255.25,161.58,125.09,146.49,117.16,118.99,216.33,186.52,177.24,104.83,137.98,90.01
1991-01-01,148.75,125.42,134.67,130.01,228.59,131.11,239.49,228.53,155.14,161.09,258.0,128.6,172.49,143.16,121.33,119.92,147.57,102.98,231.53,204.02,289.92,150.74,142.01,127.55,147.42,119.49,128.15,151.25,201.26,230.95,135.96,278.32,163.71,113.16,147.15,102.25,136.4,196.99,256.05,163.42,128.22,147.88,118.62,122.65,213.29,187.74,181.29,105.29,139.98,89.75
1991-04-01,151.12,128.19,135.82,130.79,227.12,132.72,236.15,228.98,155.66,161.71,260.38,129.24,174.32,144.37,122.63,120.67,148.78,105.35,235.17,206.26,286.89,152.8,143.12,126.41,148.16,123.87,129.49,152.34,198.17,229.28,137.46,280.15,164.95,114.35,149.21,103.55,139.43,198.5,250.44,164.96,131.57,148.59,119.91,124.81,213.93,188.43,183.04,108.4,141.93,93.59
1991-07-01,151.85,132.29,135.14,131.91,227.13,133.87,233.45,228.98,155.4,161.25,260.68,132.11,175.51,145.44,123.76,120.81,149.51,106.36,230.89,205.71,283.55,153.98,143.49,126.63,148.57,125.83,130.72,153.07,193.95,228.0,138.23,279.3,165.23,114.48,150.22,103.84,141.88,198.59,247.59,165.87,130.48,148.78,119.88,124.97,213.05,186.96,183.76,106.9,144.04,94.97
1991-10-01,154.38,132.41,139.04,134.13,228.82,136.05,235.69,232.14,158.05,163.02,264.36,135.17,177.96,147.55,125.59,122.42,151.45,108.03,233.55,209.73,286.29,155.87,146.01,129.9,150.2,130.12,131.46,156.33,194.41,230.67,140.32,281.49,167.61,115.58,152.45,105.8,144.92,202.21,250.62,168.55,132.97,151.28,121.32,127.81,213.77,190.39,187.58,110.05,145.46,95.9
1992-01-01,155.63,133.94,139.84,135.14,227.59,138.13,236.67,232.34,160.0,164.01,263.62,136.6,179.13,148.78,126.02,123.09,152.48,109.3,234.9,210.59,285.39,157.15,146.71,131.67,150.97,132.1,133.23,157.78,194.46,232.48,143.94,286.76,168.73,117.97,154.13,106.45,147.87,203.24,249.23,169.39,136.49,152.6,123.33,129.7,213.94,191.61,188.49,110.66,147.16,96.89
1992-04-01,155.88,135.43,139.48,134.39,225.24,141.17,232.16,230.77,158.57,164.28,262.96,138.04,180.7,150.18,128.08,123.67,153.71,110.41,230.09,209.16,281.9,158.17,147.53,131.9,151.36,134.2,135.11,157.29,190.1,230.57,144.64,282.83,169.09,118.06,155.15,106.46,149.73,202.95,245.84,169.68,136.53,152.08,122.8,131.76,214.68,189.82,190.2,112.37,149.77,98.41
1992-07-01,158.82,136.16,140.39,136.86,224.8,144.23,232.94,231.77,161.24,167.65,265.08,141.11,182.42,152.46,129.74,125.1,155.74,111.87,231.03,211.2,283.49,159.36,149.28,132.76,152.43,138.03,137.19,160.16,189.19,232.4,145.61,285.98,171.11,119.53,157.29,108.11,153.39,204.85,245.98,172.2,140.49,155.55,124.91,133.93,216.53,192.31,192.87,113.54,151.61,100.31
1992-10-01,160.07,136.92,141.17,137.59,222.71,146.98,232.7,233.85,161.36,167.93,265.82,144.89,184.08,153.29,130.87,125.47,157.1,112.96,232.79,211.91,284.11,160.58,150.23,133.33,153.33,142.41,138.1,161.08,189.32,233.79,147.84,288.01,171.83,120.57,158.84,108.59,156.29,206.18,247.03,172.91,142.16,155.3,125.51,137.47,216.82,192.9,194.83,114.68,153.58,102.44
1993-01-01,161.26,136.59,141.33,138.84,219.21,149.61,229.11,232.73,161.52,168.26,265.13,146.12,185.2,154.32,132.04,126.2,157.91,113.84,229.52,211.21,282.21,161.2,151.54,133.85,153.38,145.0,139.35,160.91,187.55,233.66,149.63,282.73,172.26,121.38,159.57,108.96,158.4,205.89,245.61,173.11,143.59,156.03,125.89,140.39,216.08,192.39,195.68,115.48,154.79,102.76
1993-04-01,162.98,137.17,142.92,141.06,217.33,153.38,229.75,233.49,163.3,170.14,266.6,150.85,186.9,155.83,133.96,127.2,159.75,115.78,232.38,211.91,283.93,162.43,152.98,135.89,154.4,148.99,141.0,162.32,189.76,235.31,153.43,289.32,173.82,124.17,161.41,110.82,161.61,207.28,245.84,174.77,147.36,158.13,126.95,144.87,217.22,193.56,197.8,117.3,156.97,105.7
1993-07-01,165.84,139.47,144.04,143.55,215.49,157.7,229.73,232.99,164.54,171.28,265.22,154.84,188.82,157.72,136.68,128.98,160.97,117.84,230.58,212.64,284.95,163.87,154.92,137.69,155.48,151.58,143.25,163.6,190.1,235.83,156.36,288.4,175.59,126.48,163.34,112.3,165.39,208.09,245.08,176.88,150.03,160.21,128.44,150.08,217.84,193.92,200.5,119.74,159.22,108.7
1993-10-01,167.25,140.23,145.93,145.25,214.21,161.58,230.33,233.78,166.23,172.54,266.75,157.91,190.5,159.21,138.24,130.11,162.93,119.46,232.79,213.44,286.68,165.26,156.56,138.79,156.79,156.67,145.43,164.45,190.63,237.35,159.06,289.55,177.05,127.1,165.29,114.07,168.86,209.91,247.48,177.6,152.27,161.82,129.71,155.65,218.7,195.01,202.84,120.1,161.3,111.18
1994-01-01,168.32,141.48,147.88,148.18,212.08,166.38,228.42,233.01,165.99,173.08,267.8,158.78,193.13,160.89,140.8,132.3,165.59,121.57,232.54,213.89,286.88,167.13,157.51,140.94,158.43,158.97,147.38,164.64,191.18,237.95,163.93,286.26,178.58,128.79,167.2,114.63,173.15,209.87,246.11,178.57,155.95,163.56,130.38,161.92,219.48,195.39,205.33,122.65,165.56,113.76
1994-04-01,170.46,144.66,149.81,149.36,206.95,173.87,223.22,230.32,164.84,174.11,264.26,164.8,195.87,163.29,144.43,136.33,169.89,124.26,226.83,211.91,284.04,169.93,160.3,142.93,161.49,165.77,152.21,165.34,187.8,235.91,169.2,282.44,181.3,132.42,169.96,116.81,179.22,208.69,239.87,179.9,158.05,165.86,130.7,170.96,217.18,195.15,209.21,124.26,171.64,116.7
1994-07-01,171.03,146.69,151.47,151.09,203.89,178.46,220.35,228.14,165.08,174.73,266.87,166.6,197.59,165.22,147.18,137.93,171.41,125.47,225.29,210.01,283.78,173.28,161.51,144.48,164.0,170.15,155.85,166.21,185.15,233.66,172.86,280.92,183.68,134.12,170.92,116.68,183.67,207.09,235.43,180.56,159.44,168.2,130.8,176.65,217.44,194.94,210.52,125.62,175.39,120.28
1994-10-01,171.25,145.6,153.42,152.54,200.93,179.55,217.65,226.92,164.97,175.44,260.25,167.78,197.86,165.41,147.31,139.17,173.35,125.4,221.75,208.01,281.47,175.43,162.17,146.84,164.37,170.88,155.85,165.75,184.43,230.86,175.34,275.76,185.85,134.49,172.44,117.01,186.84,205.48,232.75,181.23,162.85,169.38,130.14,179.76,217.8,194.72,209.91,125.11,175.63,121.98
1995-01-01,172.87,148.2,155.4,153.1,199.59,183.14,216.38,227.5,165.64,176.38,258.66,168.44,199.9,167.56,148.93,140.44,175.26,126.85,223.85,208.08,283.1,178.56,163.63,146.85,166.49,173.02,157.61,166.94,185.09,230.71,176.73,274.45,187.4,136.94,173.36,117.59,191.03,204.87,234.58,182.72,160.4,171.85,130.24,184.4,215.09,194.14,212.07,127.02,177.85,123.74
1995-04-01,176.27,150.58,158.19,157.29,201.54,186.74,219.1,228.53,167.66,179.72,261.54,172.58,202.76,170.49,152.22,143.43,178.09,129.43,227.25,210.79,288.42,182.02,166.76,150.12,168.47,176.83,160.65,170.5,187.71,233.26,181.21,279.16,189.99,138.22,176.68,119.68,195.77,208.29,237.26,184.94,166.27,175.15,132.48,189.54,220.2,196.72,214.57,129.58,181.75,126.37
1995-07-01,179.03,152.06,161.31,159.23,203.9,190.59,224.51,232.3,170.96,182.19,262.44,175.95,205.22,173.47,154.4,144.69,180.65,131.45,231.64,213.35,293.11,185.31,169.76,152.29,170.7,180.59,162.99,173.1,191.57,237.28,184.59,283.8,193.19,139.89,179.76,121.63,200.6,211.84,241.35,187.33,167.19,177.72,134.06,196.08,220.63,199.05,217.64,131.88,184.21,128.02
1995-10-01,180.35,152.41,163.18,159.89,203.57,193.53,224.65,232.13,172.35,184.92,263.01,177.54,207.09,175.49,155.83,146.83,182.3,132.75,231.49,215.11,294.74,188.47,171.93,153.94,172.17,181.43,164.06,174.49,194.19,237.84,186.02,282.98,195.1,140.81,182.0,122.3,203.9,213.05,243.44,189.58,170.24,180.33,135.01,200.14,221.75,199.85,219.31,132.4,186.48,130.92
1996-01-01,183.64,155.11,165.84,162.52,203.52,196.0,227.67,234.66,174.16,187.17,257.65,180.09,209.32,177.7,157.91,147.42,184.6,134.73,236.93,217.51,298.38,191.13,174.24,155.01,173.82,184.49,166.0,176.46,194.99,240.97,187.22,287.69,197.44,144.15,184.63,123.79,207.88,215.69,245.98,192.29,173.09,183.17,136.37,204.75,225.59,202.13,221.33,134.28,187.97,132.37
1996-04-01,183.58,157.37,166.15,162.68,200.9,198.68,224.77,232.74,173.26,188.12,252.34,178.64,210.0,179.4,159.29,150.25,186.19,136.46,233.97,215.28,298.79,196.44,175.47,155.64,176.16,185.96,169.48,175.93,194.48,239.04,186.96,285.9,199.26,142.83,186.34,124.77,210.92,213.28,241.07,193.25,172.38,184.92,136.14,207.12,222.32,201.68,221.54,134.68,189.77,133.23
1996-07-01,183.99,158.31,167.78,162.51,200.52,200.97,221.52,233.24,173.62,189.86,244.63,179.06,211.03,180.8,160.68,151.8,188.13,137.21,233.41,213.38,300.09,200.95,177.19,158.74,177.49,188.3,172.01,175.87,196.85,238.57,186.41,283.98,201.65,145.31,187.68,125.67,214.36,212.47,237.44,194.59,174.91,187.08,136.5,210.67,220.99,200.73,222.77,135.18,191.95,134.41
1996-10-01,186.11,160.09,169.37,164.36,201.58,203.65,222.95,235.58,174.53,191.33,240.03,180.54,213.03,183.09,161.75,153.13,189.93,139.23,237.29,216.03,303.91,203.62,179.17,159.72,179.56,189.47,172.98,177.71,197.97,238.43,187.54,283.77,203.25,145.19,189.56,126.32,217.97,213.87,239.22,197.53,173.95,188.73,136.92,214.45,221.2,202.41,224.71,135.38,194.17,134.42
1997-01-01,188.05,160.05,170.93,165.8,202.53,205.92,224.18,235.42,176.73,193.55,236.65,182.34,214.48,184.44,163.36,153.57,192.94,140.59,236.05,216.75,306.64,207.13,181.28,160.36,181.16,189.71,174.46,178.87,199.44,240.27,188.78,283.7,205.86,145.7,192.07,126.91,221.61,215.29,240.82,198.82,176.53,191.11,137.64,217.99,225.5,203.79,226.24,136.45,196.35,135.46
1997-04-01,189.48,161.18,172.07,167.44,204.57,208.83,225.26,235.73,176.61,195.8,231.37,182.71,215.99,186.42,165.16,156.11,194.0,141.6,238.07,215.76,311.24,211.57,183.23,161.41,182.82,190.58,177.97,178.86,202.18,241.13,189.83,287.21,208.36,146.27,193.57,127.74,224.05,215.15,239.18,201.07,179.86,192.83,138.7,219.19,222.46,204.26,229.11,138.79,198.03,137.0
1997-07-01,192.32,162.47,175.13,168.13,208.67,212.06,227.88,237.71,179.03,199.17,232.17,185.7,218.21,189.09,167.59,157.86,196.25,143.6,241.35,217.61,315.72,215.31,186.62,163.71,185.15,193.21,180.04,181.74,204.55,243.97,190.79,289.66,211.36,148.52,196.26,129.45,228.7,217.27,244.01,204.52,181.6,195.26,140.03,223.56,225.33,206.54,233.93,139.36,200.71,138.11
1997-10-01,194.86,164.37,177.88,170.3,212.24,215.35,230.08,239.74,182.08,201.96,229.54,187.94,220.23,191.48,169.08,159.8,198.71,145.91,244.9,220.14,320.59,218.33,189.32,166.18,186.91,196.64,182.46,182.86,207.65,246.37,193.02,292.59,214.5,150.68,198.67,131.27,231.58,219.51,247.07,207.29,184.13,197.97,141.67,227.44,225.28,208.6,236.98,141.31,202.74,140.26
1998-01-01,198.08,164.21,180.2,172.23,216.87,218.39,235.61,243.43,185.7,205.52,231.21,189.92,222.1,193.29,171.25,161.65,200.47,147.91,248.5,222.93,324.86,220.81,192.48,168.07,188.55,198.01,184.17,185.0,210.63,250.83,194.21,299.1,217.17,153.29,201.04,133.05,235.04,223.02,251.07,210.36,186.78,201.51,143.88,230.11,228.94,210.42,241.49,144.24,204.03,142.32
1998-04-01,199.73,166.96,181.74,172.16,221.51,220.98,235.73,244.21,185.55,207.41,231.21,190.6,223.01,194.98,173.41,163.25,202.82,149.25,250.39,222.79,331.72,225.01,193.81,170.88,190.44,197.78,185.27,185.37,214.7,251.75,193.84,301.38,218.69,154.66,202.91,134.18,236.29,223.44,249.86,212.67,187.58,203.03,144.87,232.3,228.95,211.35,245.02,144.58,206.41,142.08
1998-07-01,201.84,168.42,184.19,174.92,227.29,225.12,239.18,245.38,187.88,211.21,233.0,191.61,225.14,197.24,175.29,166.01,205.27,151.77,253.3,224.08,339.98,228.73,197.83,172.39,192.61,199.45,188.05,186.16,218.59,254.36,195.51,303.76,221.93,156.58,205.41,135.64,238.75,224.35,252.29,215.74,189.05,205.58,147.23,234.48,229.48,212.84,249.54,146.45,208.8,142.81
1998-10-01,204.3,168.25,186.52,177.0,231.65,227.86,242.32,246.66,190.75,214.4,231.82,192.94,226.83,198.95,177.49,167.86,207.97,153.19,257.05,226.26,344.96,230.84,200.18,174.17,194.3,201.57,190.29,187.34,222.36,256.25,197.52,307.76,224.15,157.31,207.62,137.88,240.98,227.33,255.19,218.63,188.85,207.9,148.81,236.81,232.67,214.86,252.46,147.89,209.57,143.22
1999-01-01,204.98,170.26,188.48,177.75,235.22,232.14,245.57,250.7,191.91,217.3,230.52,194.85,228.88,200.8,179.07,169.55,209.79,154.56,259.57,228.58,351.93,234.53,203.43,176.43,196.85,201.42,191.67,187.76,225.64,259.35,197.8,310.08,226.09,157.51,209.8,138.61,242.11,228.82,257.16,221.68,191.85,209.86,150.17,238.11,235.18,216.93,254.87,148.62,213.28,144.0
1999-04-01,205.8,173.78,190.9,177.97,239.24,239.19,248.59,252.43,193.4,220.61,228.84,195.74,231.6,201.86,181.7,172.79,212.18,156.15,265.29,229.48,363.45,239.64,209.52,178.84,199.91,203.63,195.23,187.41,232.12,262.96,197.48,315.96,228.48,158.05,211.61,139.87,243.59,229.4,259.58,224.75,194.29,210.43,153.1,237.08,236.87,219.54,259.32,148.54,216.7,146.43
1999-07-01,206.19,173.4,193.66,178.67,244.7,247.04,253.27,256.19,195.76,224.55,224.53,194.23,234.93,202.92,182.84,174.73,213.97,157.31,271.11,231.47,378.49,244.46,216.13,179.69,202.17,205.92,196.02,188.7,239.48,269.51,197.01,324.81,229.81,158.56,212.3,141.91,244.3,230.44,265.09,227.01,195.16,211.62,155.6,234.37,241.98,223.25,262.29,148.62,219.57,147.88
1999-10-01,207.74,173.52,195.48,179.18,249.92,251.27,256.42,257.69,198.12,227.18,224.68,193.87,237.32,203.97,183.96,175.81,215.79,157.71,273.41,234.03,387.39,247.44,219.01,179.4,204.16,205.75,197.37,188.79,244.01,272.33,197.92,330.95,230.9,157.08,213.63,142.04,245.14,231.51,269.66,228.92,196.29,212.5,157.53,235.38,244.37,226.26,264.36,147.59,220.85,147.87
2000-01-01,208.52,173.38,199.93,180.15,260.77,260.88,261.29,261.97,202.07,230.19,230.2,196.69,241.98,205.54,185.9,179.26,219.01,160.15,279.24,238.53,403.85,253.12,225.22,181.3,208.11,208.49,198.56,190.56,253.5,279.42,198.32,335.71,233.01,158.91,215.88,143.47,247.73,233.76,278.18,231.24,197.44,214.39,159.85,236.53,250.43,230.04,269.0,149.13,227.61,150.08
2000-04-01,210.27,175.52,202.23,181.91,267.81,267.2,268.34,266.54,205.65,233.91,230.5,196.57,246.14,207.29,188.4,180.73,220.97,160.73,286.99,241.12,416.77,256.64,231.87,182.64,210.62,210.3,201.34,192.98,262.25,286.2,198.97,345.84,235.92,159.98,218.49,145.12,249.33,237.18,286.79,234.15,201.23,215.53,162.5,236.5,254.52,234.73,271.73,150.0,228.81,151.6
2000-07-01,211.92,176.64,204.9,182.97,276.77,274.26,274.15,271.65,209.97,237.71,233.7,198.19,250.17,210.12,190.9,183.28,222.81,162.61,293.43,245.57,432.04,261.2,237.62,185.37,214.01,213.33,203.18,194.75,271.86,294.6,200.19,355.95,238.98,161.62,221.1,147.47,251.68,239.68,295.76,236.98,204.77,217.73,164.92,239.0,259.57,238.89,275.42,151.47,232.16,152.92
2000-10-01,214.65,177.18,208.02,185.45,285.32,280.43,277.89,275.19,214.4,241.59,239.46,200.49,253.03,212.02,192.31,185.1,225.66,164.02,299.36,249.38,442.43,264.95,242.26,186.74,216.62,216.47,204.67,197.58,279.41,299.06,201.39,361.45,241.55,163.05,223.99,148.5,254.41,242.48,301.32,240.16,204.92,219.76,166.87,242.42,264.49,242.97,278.91,152.78,235.0,156.35
2001-01-01,220.91,180.33,212.73,190.03,296.33,288.31,284.75,281.06,220.56,248.38,246.95,205.51,256.33,216.5,196.39,188.76,230.03,168.22,308.0,255.1,454.35,269.09,248.65,191.49,220.28,220.73,207.3,201.96,285.69,305.83,206.12,369.51,246.83,167.1,228.25,151.9,261.35,248.75,307.27,246.4,209.33,225.13,171.58,247.81,268.9,249.0,285.71,157.11,238.54,157.51
2001-04-01,221.84,184.03,216.0,191.17,305.37,294.17,290.85,285.84,226.12,251.45,250.89,207.76,260.78,218.28,198.49,191.0,232.14,169.97,313.74,260.05,468.12,272.59,255.35,192.7,223.57,223.32,209.56,204.57,295.44,314.49,207.74,377.71,249.0,168.26,230.63,153.43,263.79,252.76,317.91,249.22,212.38,226.32,173.84,248.36,274.26,254.76,289.56,158.77,241.79,160.55
2001-07-01,223.42,186.6,219.15,193.17,311.81,299.62,298.02,291.41,231.33,254.65,255.28,208.98,265.6,219.78,199.88,193.16,234.03,171.54,323.07,266.95,483.82,276.19,263.08,194.59,226.87,225.32,211.39,208.36,305.8,323.6,209.01,388.1,250.95,169.63,232.78,155.09,266.19,256.07,330.08,251.12,214.29,227.74,175.14,248.53,280.75,260.44,292.49,159.53,244.98,162.99
2001-10-01,225.97,186.97,221.33,195.1,316.19,302.12,303.21,295.4,236.89,258.0,259.05,211.31,268.08,221.77,202.3,194.89,235.9,173.16,328.11,271.24,493.63,278.48,266.61,196.23,229.14,226.98,213.06,211.02,311.2,330.01,210.55,394.91,253.29,171.02,234.69,156.82,268.5,259.35,337.06,253.98,215.23,230.46,177.13,251.15,284.2,264.07,294.47,161.05,246.84,164.96
2002-01-01,226.35,189.92,224.31,195.87,324.64,305.65,309.69,300.59,241.66,260.21,263.18,211.76,272.71,223.41,204.07,197.46,237.77,174.12,335.32,278.05,507.99,281.92,272.15,196.9,232.85,231.83,214.77,214.06,319.73,339.56,211.61,404.64,254.83,172.94,236.69,157.6,271.91,263.37,350.09,255.5,218.2,231.51,177.62,250.74,289.95,269.28,298.07,161.84,250.91,168.14
2002-04-01,227.55,195.23,227.29,196.74,335.66,309.01,318.57,308.4,249.0,262.14,269.09,212.89,277.54,224.07,205.08,199.39,239.38,175.56,345.84,287.18,526.66,285.04,279.38,196.28,235.94,234.02,216.11,217.56,331.06,352.2,214.51,417.47,255.94,174.52,238.29,159.16,273.76,267.97,367.36,256.96,221.14,231.95,179.15,250.23,296.48,276.83,301.66,163.61,254.36,170.43
2002-07-01,230.91,196.66,231.18,199.95,348.29,313.41,327.24,316.14,256.05,266.47,277.29,216.03,281.11,226.5,207.64,201.35,241.92,178.57,355.75,296.1,542.07,287.66,285.47,199.79,238.86,238.34,218.16,222.31,341.28,363.92,217.8,430.07,259.45,178.37,240.65,161.35,278.47,273.5,381.22,260.96,223.76,235.33,181.91,253.37,301.66,283.86,305.37,165.11,257.04,173.54
2002-10-01,233.58,196.15,233.9,202.4,358.46,315.38,334.11,321.23,261.87,269.54,280.84,218.21,284.3,227.53,209.4,202.94,244.19,181.23,362.14,302.15,554.34,289.49,289.86,201.81,241.77,240.78,219.62,224.78,349.0,372.32,219.7,439.32,261.2,180.29,242.23,163.27,280.71,278.23,393.27,263.22,225.09,237.39,183.83,254.68,304.35,287.76,307.96,167.48,258.89,175.3
2003-01-01,235.93,197.46,236.65,203.97,366.73,316.25,338.31,325.92,267.43,271.67,288.88,220.26,287.27,229.35,210.73,204.5,246.2,183.2,368.93,307.95,565.29,291.69,293.85,203.12,243.88,243.33,220.78,228.84,354.43,379.2,222.42,449.18,263.35,181.52,244.0,164.3,283.63,281.4,404.81,264.71,227.09,238.99,184.73,255.35,307.77,292.14,310.48,168.01,261.57,177.23
2003-04-01,238.05,200.55,239.13,205.24,373.58,317.63,343.91,332.93,273.89,273.45,295.73,222.14,290.18,230.48,212.34,205.94,248.15,185.05,374.14,314.6,574.4,293.95,297.27,204.71,245.59,248.31,222.03,233.35,359.89,385.84,224.97,460.02,265.11,184.24,245.77,166.43,286.25,285.05,414.48,267.34,228.32,241.0,185.91,256.27,312.88,296.88,313.15,169.69,263.9,181.31
2003-07-01,239.7,205.05,242.82,207.78,386.22,319.04,352.11,340.57,280.48,275.12,304.32,223.93,294.28,232.08,214.94,207.43,250.23,186.75,385.03,324.13,585.19,296.54,304.19,205.74,248.61,253.88,224.42,240.07,369.29,397.54,227.68,467.08,266.41,186.76,247.79,167.53,290.32,290.96,431.78,268.89,232.51,242.58,186.5,256.95,321.06,303.98,317.02,171.91,267.87,183.75
2003-10-01,241.22,213.08,251.04,210.79,410.96,322.74,364.96,353.23,293.51,278.67,321.5,227.15,303.47,234.11,218.32,210.69,253.84,189.87,399.47,341.69,610.29,300.88,315.12,207.33,254.32,260.61,228.05,254.41,383.82,417.71,232.6,489.07,268.83,190.43,251.18,169.17,297.68,299.6,459.82,271.48,237.32,245.24,187.61,257.15,337.51,316.34,325.07,173.46,276.63,187.13
2004-01-01,243.5,214.48,255.38,213.48,424.16,325.17,371.33,364.59,302.43,282.48,336.81,229.75,306.73,235.45,219.92,212.72,256.89,192.01,408.42,351.18,620.49,302.88,318.91,209.3,257.3,264.96,229.24,267.84,389.44,426.33,235.12,499.41,271.88,192.48,252.68,171.08,301.42,304.8,470.81,274.61,237.96,247.18,188.52,259.67,342.23,324.32,330.0,176.25,278.79,190.96
2004-04-01,245.04,219.55,264.45,217.09,450.74,327.65,383.37,372.68,316.66,284.36,355.91,235.7,313.75,236.26,222.29,214.93,259.13,194.96,420.33,367.62,635.07,304.96,325.22,211.48,260.63,271.48,232.49,292.15,399.91,439.79,240.39,514.1,274.38,195.67,254.25,172.67,310.44,312.84,492.18,276.92,242.29,249.99,190.41,262.06,352.04,336.82,339.84,179.73,284.43,196.02
2004-07-01,249.51,230.89,280.06,220.6,496.53,332.22,402.81,395.02,336.41,288.3,389.96,243.64,324.1,238.89,225.36,217.12,262.27,198.2,440.22,394.66,665.65,309.13,336.16,214.34,266.64,281.08,237.15,329.34,417.65,469.29,246.46,539.28,277.25,201.44,257.12,173.94,324.24,325.74,527.08,282.26,247.08,253.61,191.96,265.47,374.93,358.29,354.03,183.0,294.96,203.18
2004-10-01,253.3,233.32,291.47,224.53,515.57,335.44,410.61,407.08,351.74,292.79,404.3,250.11,328.71,241.5,227.9,219.76,267.23,200.91,449.53,408.12,676.74,312.56,341.07,217.37,270.28,287.25,239.04,341.72,425.74,481.24,251.44,552.8,281.94,205.69,259.85,176.95,331.76,332.99,540.21,287.38,250.48,256.66,194.14,270.5,382.53,370.67,362.21,186.29,298.38,207.18
2005-01-01,256.67,239.21,309.05,227.68,538.0,339.02,421.1,418.44,370.66,296.57,423.49,256.09,335.51,243.15,230.43,221.99,269.13,203.1,462.61,426.38,691.23,315.14,347.71,218.67,274.84,294.66,240.7,355.72,436.93,495.58,256.6,567.47,286.41,206.97,262.16,178.03,341.79,340.02,551.22,292.48,254.24,260.23,195.15,275.51,393.79,385.49,373.88,190.26,303.87,211.63
2005-04-01,262.75,248.19,341.0,232.87,569.44,343.78,435.32,436.16,398.13,300.58,448.02,267.45,343.33,245.25,233.23,224.99,272.81,207.34,473.0,452.08,707.51,316.93,354.83,222.94,278.88,306.64,244.19,374.46,447.38,517.18,267.98,586.35,290.29,213.4,264.24,181.07,359.99,351.63,573.79,297.56,260.18,265.86,198.28,284.26,407.16,407.35,393.74,196.02,309.3,217.84
2005-07-01,268.22,256.97,369.84,238.01,597.71,349.23,447.11,455.66,425.77,305.55,476.31,283.5,350.48,248.92,236.99,227.77,277.3,211.3,484.92,475.53,718.64,319.51,361.27,227.59,283.87,315.58,247.65,387.55,457.98,536.95,278.21,605.5,296.83,218.18,266.74,184.47,379.99,363.12,586.64,304.99,264.01,271.18,201.47,294.69,421.87,426.79,411.13,203.14,315.27,226.08
2005-10-01,273.66,264.88,395.58,241.2,624.33,352.43,456.22,465.44,448.25,309.54,502.49,296.46,356.82,249.49,238.78,228.87,278.68,218.32,492.7,494.72,723.61,318.75,365.29,232.61,286.99,326.03,246.81,402.14,463.26,553.21,286.61,619.2,303.11,220.9,267.13,186.57,396.64,370.66,595.52,311.69,268.23,275.58,203.82,304.59,430.45,438.81,428.4,205.96,318.33,232.39
2006-01-01,279.09,268.98,410.15,244.87,637.22,353.57,462.27,474.86,465.64,312.66,521.58,307.05,361.51,249.49,238.86,230.03,281.32,225.03,497.32,508.33,724.2,317.47,367.15,236.46,289.76,332.58,246.96,411.17,466.86,563.82,294.91,630.21,308.01,222.12,267.15,187.9,410.97,377.34,601.0,316.15,268.29,280.08,206.18,314.93,436.68,448.7,443.63,209.92,320.68,238.66
2006-04-01,283.73,275.62,419.12,248.34,642.96,355.44,464.45,483.82,475.58,314.57,525.61,318.63,364.36,249.01,240.22,232.01,282.25,230.82,494.59,518.74,715.36,312.26,365.09,243.38,290.22,342.67,249.42,411.73,464.18,570.25,305.58,632.1,312.4,228.53,266.06,190.35,427.49,381.49,601.18,321.21,272.49,285.49,209.44,328.24,446.53,457.09,459.07,207.91,320.39,246.23
2006-07-01,288.4,280.92,422.69,250.89,645.12,356.91,464.92,488.36,479.13,317.11,535.49,327.34,367.09,250.47,241.62,234.01,283.43,235.67,497.84,525.73,709.88,309.88,365.41,248.05,292.88,351.74,250.44,413.19,462.2,573.75,313.24,631.42,317.63,231.37,265.45,191.73,438.68,385.85,599.28,326.01,277.11,289.01,212.55,342.67,447.97,459.96,472.54,210.79,321.9,254.3
2006-10-01,293.81,282.6,426.21,253.1,641.3,360.19,467.42,497.28,482.55,323.05,533.55,335.5,371.21,253.05,243.59,236.21,286.54,239.5,505.06,532.67,711.88,311.41,369.48,252.56,296.35,358.05,250.76,412.03,465.21,576.59,320.37,639.53,323.48,231.45,266.54,194.55,447.03,390.36,599.2,334.36,278.17,294.5,215.43,355.84,455.14,466.37,482.71,213.4,325.79,260.65
2007-01-01,295.83,286.34,424.41,255.34,632.61,361.13,470.71,497.64,479.38,325.75,540.91,340.41,373.49,253.85,244.43,237.6,289.0,241.98,508.52,534.27,706.51,308.99,371.48,256.4,297.78,364.86,251.67,409.44,463.7,577.39,325.38,642.78,328.64,236.56,266.68,196.96,452.06,393.91,598.91,336.41,281.04,297.28,218.24,366.64,458.27,468.45,491.41,214.18,327.1,266.84
2007-04-01,299.99,289.33,420.88,256.96,621.87,362.01,466.94,501.3,473.26,326.75,541.93,340.85,372.27,254.62,246.49,240.18,289.8,244.44,505.0,535.29,696.17,303.32,367.32,256.35,298.22,369.78,253.51,400.59,460.81,573.69,327.94,640.58,331.77,239.25,265.06,197.73,457.17,395.48,587.76,338.66,283.74,300.87,221.92,375.57,457.91,469.61,496.88,214.24,326.58,274.09
2007-07-01,300.6,288.13,411.38,256.49,598.63,359.54,463.21,496.45,456.22,324.75,539.31,341.43,369.2,253.55,246.42,239.48,289.33,245.58,502.07,527.47,682.6,293.7,359.54,256.46,296.56,373.37,252.32,387.4,453.21,566.74,328.83,631.35,332.99,241.18,262.17,200.45,454.89,393.69,576.78,338.39,285.67,301.16,222.61,380.09,458.86,463.72,498.13,214.92,324.88,277.75
2007-10-01,302.95,287.68,404.39,257.79,574.33,360.49,462.45,497.09,444.69,326.83,536.72,341.61,370.44,254.04,247.83,239.59,292.41,246.53,508.41,524.51,682.69,292.63,358.45,259.8,297.84,375.75,252.03,376.98,452.78,564.25,329.96,633.36,335.64,241.82,262.12,202.22,456.52,395.43,574.09,342.96,287.93,303.26,224.3,383.05,456.89,462.56,500.92,216.6,326.59,279.03
2008-01-01,304.86,287.5,391.01,257.64,542.16,362.17,461.95,493.71,427.02,327.25,531.28,343.0,368.91,256.0,249.18,241.4,293.76,247.13,510.67,516.48,679.28,291.8,359.96,260.09,298.25,379.34,254.0,356.04,453.05,560.59,331.31,636.83,338.4,246.18,263.33,203.29,453.96,398.18,567.78,345.33,291.22,304.51,225.65,381.99,463.51,460.14,499.48,217.06,327.39,280.32
2008-04-01,303.63,287.85,368.27,256.75,497.38,360.16,451.03,486.78,397.5,322.11,520.45,335.25,361.4,253.98,247.87,239.8,293.57,246.77,502.29,498.58,657.65,279.91,348.88,257.98,294.18,377.62,251.86,327.68,441.25,544.54,326.73,624.79,337.74,246.85,259.33,204.38,445.66,393.22,545.16,343.38,291.63,303.32,226.23,375.86,457.2,447.04,489.63,216.39,322.5,281.66
2008-07-01,301.4,284.4,341.59,253.66,459.71,352.92,436.93,475.75,365.15,313.44,505.67,325.32,349.33,250.04,245.84,236.93,289.16,243.73,491.15,478.36,641.34,268.55,338.46,253.31,289.25,371.52,249.58,294.78,425.81,528.81,319.13,608.38,333.6,246.85,252.87,202.79,431.19,386.44,520.43,337.12,291.27,298.79,225.44,364.41,454.43,434.71,474.98,212.97,316.8,279.61
2008-10-01,302.91,287.09,329.24,254.97,443.81,353.98,433.47,470.13,346.66,312.18,495.95,325.38,348.22,249.68,246.97,237.3,290.92,244.39,487.02,471.03,642.25,265.82,337.31,255.78,289.98,374.77,251.02,279.12,424.41,523.34,318.29,602.69,333.39,249.02,253.41,202.86,424.83,385.81,514.36,338.08,293.35,300.03,225.85,363.54,453.49,431.17,469.92,210.95,317.42,279.73
2009-01-01,305.13,287.6,328.17,257.25,439.69,360.39,436.97,472.56,352.58,318.79,492.78,326.38,346.7,253.52,249.33,240.21,293.4,247.68,491.91,466.46,642.37,271.28,343.26,256.65,292.27,376.69,252.9,277.72,425.79,521.81,321.16,609.92,337.22,250.61,257.99,206.21,422.26,389.72,517.34,342.27,295.83,302.62,228.55,360.68,454.0,432.9,466.26,214.26,318.91,279.56
2009-04-01,301.75,284.76,304.5,253.95,419.59,354.54,422.76,458.52,334.21,309.06,472.09,315.32,336.8,249.49,247.75,238.48,290.53,245.9,480.91,448.27,626.56,260.7,333.29,254.08,287.57,371.66,251.75,257.7,413.56,504.99,312.19,596.71,331.42,250.34,252.14,204.39,405.98,383.9,494.08,337.91,294.64,299.49,226.95,346.91,447.55,422.0,446.27,211.8,314.1,279.2
2009-07-01,294.65,283.52,288.91,249.9,410.39,346.13,411.94,447.27,314.91,296.28,458.76,301.5,326.07,245.09,246.34,236.7,287.13,242.5,469.81,436.97,615.85,248.88,319.85,249.28,280.85,362.75,249.24,240.02,400.1,492.02,306.02,582.28,323.65,249.9,247.08,203.0,391.73,376.48,481.79,327.69,291.22,292.6,224.71,331.86,444.83,412.38,431.33,207.81,307.09,272.13
2009-10-01,293.6,285.12,280.24,248.93,411.66,345.26,410.67,443.54,307.12,291.95,452.2,296.47,322.92,245.07,245.73,236.27,287.1,242.82,464.55,429.38,616.84,244.58,315.49,247.78,279.53,360.15,249.02,232.74,397.89,488.31,303.18,577.23,319.8,252.08,246.66,203.74,384.68,375.17,482.11,324.13,290.25,289.71,224.11,328.17,441.07,409.19,425.66,206.57,306.2,270.06
2010-01-01,289.45,280.79,272.49,245.46,408.67,341.67,405.75,440.08,301.05,286.36,451.65,286.96,317.66,241.66,243.8,234.33,285.09,240.64,461.62,426.12,613.28,239.8,310.74,245.03,277.38,353.57,246.8,223.78,393.84,485.54,302.77,573.31,314.41,252.15,243.9,202.17,377.98,372.82,474.0,319.81,288.3,286.88,222.68,323.12,441.21,403.68,418.14,206.67,302.24,266.25
2010-04-01,285.18,283.18,262.96,246.17,407.48,337.52,401.25,436.14,292.68,280.3,448.61,282.07,313.95,241.92,244.64,234.03,283.9,239.32,456.06,420.9,611.43,236.03,307.88,241.74,275.47,349.7,248.59,216.03,391.34,481.9,297.54,569.89,311.84,251.8,242.05,202.04,372.3,370.8,467.39,314.91,287.91,285.68,222.83,318.44,439.51,401.18,413.41,206.64,300.59,266.79
2010-07-01,288.98,284.7,262.45,247.01,409.55,341.9,405.81,435.68,296.17,282.95,451.08,281.02,317.23,245.01,246.87,236.52,287.91,242.42,461.36,426.16,614.91,240.04,314.83,244.65,278.44,354.35,250.77,216.98,395.78,485.13,299.19,577.89,313.93,254.1,245.29,204.04,372.49,375.15,474.45,319.14,292.28,289.62,224.19,321.13,440.5,405.24,413.21,207.59,303.69,266.88
2010-10-01,286.59,285.43,255.6,245.65,404.97,340.28,406.45,432.15,290.76,279.15,451.45,274.19,315.08,244.45,246.84,236.42,287.46,241.8,462.16,422.07,614.63,239.47,310.73,242.83,276.62,353.2,249.4,211.27,393.49,484.09,296.52,577.67,312.2,256.86,244.24,203.36,366.79,374.21,473.26,316.57,292.62,287.53,223.2,319.39,441.97,402.96,405.94,209.12,301.75,267.19
2011-01-01,278.94,285.41,241.7,241.8,390.71,331.81,395.94,421.54,276.9,268.92,442.39,259.48,304.31,239.23,244.57,232.78,283.36,238.21,454.72,409.43,605.69,229.77,297.87,237.71,269.69,342.33,247.29,199.63,384.58,472.63,288.56,568.99,305.26,258.42,236.82,199.19,351.56,368.39,461.71,308.2,290.69,280.66,219.95,305.24,438.76,393.56,392.24,204.66,295.07,263.39
2011-04-01,275.16,284.83,229.85,240.41,384.35,326.3,388.72,409.55,268.63,257.42,442.47,250.35,298.21,237.04,243.02,228.95,280.49,237.14,446.86,401.39,598.86,225.94,291.1,237.54,265.44,341.28,246.36,186.44,377.9,463.2,283.03,560.83,299.12,262.15,233.24,199.09,341.5,363.46,446.25,300.81,288.52,277.1,218.88,298.85,433.89,388.88,382.45,201.7,290.21,260.88
2011-07-01,277.58,285.61,231.62,242.23,385.71,329.51,389.89,405.19,271.46,258.96,445.35,254.72,300.33,239.91,245.34,231.77,282.79,237.44,450.64,407.38,601.98,230.52,294.82,240.16,269.28,342.81,248.74,185.33,380.02,461.63,284.26,558.39,300.59,264.8,236.21,198.64,344.44,363.88,447.38,303.39,291.26,280.38,220.68,304.09,434.74,392.0,383.55,204.98,292.87,264.3
2011-10-01,279.65,287.73,236.8,243.52,384.4,332.09,392.91,410.47,273.76,258.48,444.91,259.25,300.23,241.18,246.41,233.72,283.83,240.49,453.63,409.06,602.65,232.28,297.71,241.39,270.5,344.3,250.46,185.41,381.58,461.85,285.46,562.81,301.65,267.1,236.9,201.57,347.56,365.3,450.29,306.47,292.89,281.04,220.88,305.24,440.24,394.83,383.8,206.03,293.94,264.15
2012-01-01,276.84,285.54,235.44,242.99,380.01,330.37,386.41,407.37,268.25,251.79,446.84,257.13,296.46,238.84,246.37,231.96,283.55,239.25,448.59,403.05,598.85,227.75,292.1,238.94,268.08,345.85,250.11,183.32,376.14,455.51,280.73,558.44,297.52,269.13,234.04,201.49,341.36,362.19,443.53,301.48,292.98,278.56,220.69,304.57,438.42,390.45,377.6,203.93,291.16,264.43
2012-04-01,275.0,285.25,238.65,240.52,380.69,331.46,382.53,398.75,266.26,247.56,443.63,254.19,292.74,238.5,246.3,230.82,282.51,239.8,444.5,399.4,597.17,226.68,290.34,237.69,265.63,345.29,250.49,182.71,373.21,449.38,278.59,552.97,293.97,276.83,232.94,201.4,338.21,360.49,435.24,299.99,294.24,277.51,222.28,302.93,436.57,387.85,374.62,204.9,288.85,265.66
2012-07-01,276.87,287.67,247.95,244.0,389.03,336.75,383.52,401.79,272.74,250.63,451.21,260.01,295.91,240.54,248.14,233.18,284.64,243.55,445.15,404.51,600.95,231.1,294.83,240.07,268.57,348.69,251.59,187.25,375.16,451.71,280.46,554.78,297.01,281.4,235.16,203.02,345.47,362.42,437.03,302.41,295.72,280.42,224.16,309.0,437.78,392.67,381.39,205.99,291.45,267.22
2012-10-01,277.24,290.18,255.59,245.57,396.99,339.69,384.76,404.57,276.49,253.67,455.18,264.06,296.02,241.27,249.15,233.27,285.88,243.45,446.2,406.0,603.76,234.19,298.04,238.42,268.97,353.46,252.78,192.44,376.51,452.67,281.31,556.73,298.24,288.74,234.6,204.11,351.03,363.59,439.35,302.53,299.87,281.07,225.92,314.41,438.23,394.38,385.9,206.53,291.51,269.57
2013-01-01,274.54,293.3,262.07,246.41,405.84,344.07,382.91,405.11,280.29,253.96,459.63,266.46,294.16,241.26,249.62,234.41,285.78,243.06,448.71,405.99,605.77,236.96,299.37,238.54,267.81,356.66,254.29,198.3,375.41,452.79,282.35,557.48,297.71,293.75,233.56,204.29,353.79,363.78,437.2,302.16,302.65,281.18,227.51,317.35,440.2,393.77,388.78,205.88,290.53,270.47
2013-04-01,275.09,294.32,273.98,246.85,424.94,351.35,381.3,404.56,289.44,259.98,467.47,269.06,296.03,241.76,251.34,233.0,286.62,244.68,450.92,409.97,611.0,241.97,305.01,238.05,268.64,359.35,256.92,210.91,376.34,453.46,282.51,559.22,299.28,300.14,234.31,206.25,363.53,365.19,437.79,303.21,304.14,284.0,231.61,326.25,435.95,398.01,396.14,206.93,290.55,273.25
2013-07-01,274.35,297.74,282.98,247.13,448.18,360.81,381.02,406.95,297.13,263.47,478.56,277.56,296.99,242.62,252.31,235.7,286.33,246.32,447.96,411.85,619.03,247.87,311.57,238.46,269.2,363.91,258.8,224.39,380.55,454.23,282.23,561.64,300.15,311.44,235.46,207.12,374.49,366.76,438.76,303.71,308.22,284.64,235.63,334.4,437.76,398.74,404.65,209.47,290.88,273.47
2013-10-01,273.27,298.49,290.81,246.69,463.23,364.09,377.95,409.55,304.84,266.94,490.99,278.47,298.12,242.82,252.68,234.78,284.84,245.9,445.52,412.5,622.35,249.88,312.07,237.13,268.68,364.57,260.43,234.28,380.93,455.8,283.33,561.59,299.4,315.98,235.3,206.28,379.04,366.25,435.91,302.92,309.37,286.49,238.32,338.67,437.0,398.75,408.67,210.63,289.8,274.77
2014-01-01,275.39,295.9,296.44,248.35,473.13,369.44,377.15,408.35,309.45,271.07,494.91,282.6,299.04,242.62,252.51,235.92,285.14,246.76,448.2,414.03,626.56,252.41,313.89,239.07,269.14,368.83,260.53,240.01,384.57,458.62,282.2,561.62,301.34,319.29,235.72,208.74,384.81,366.29,438.4,304.23,309.39,288.24,242.38,340.99,432.57,400.51,413.37,210.26,289.17,277.14
2014-04-01,276.34,302.02,301.57,248.01,485.72,382.07,379.62,412.05,317.6,277.22,502.36,287.38,304.44,246.43,255.88,238.94,289.76,249.19,452.05,420.63,640.32,260.0,321.9,239.74,273.68,371.12,266.12,247.67,387.42,463.27,283.95,567.61,305.36,323.45,240.94,210.7,397.19,371.13,445.82,309.61,314.26,293.99,248.73,347.37,439.2,407.06,424.34,211.79,293.74,279.29
2014-07-01,279.19,305.26,304.57,250.06,496.0,390.66,382.7,417.48,324.54,282.69,512.88,291.7,308.74,248.82,258.5,242.64,291.06,253.09,460.14,423.34,647.83,265.75,324.9,241.61,276.34,379.05,268.66,256.87,393.57,467.44,286.71,575.86,308.4,331.1,243.43,213.62,403.87,373.53,453.61,313.2,316.81,296.33,253.0,351.11,440.73,409.77,433.2,213.52,296.78,283.36
2014-10-01,280.8,305.03,309.72,253.16,501.58,396.64,382.44,415.8,330.41,284.57,520.06,292.92,310.0,250.15,259.61,242.63,293.15,253.63,457.67,426.92,652.23,267.89,326.18,244.39,278.52,380.9,270.18,260.5,395.19,469.51,287.39,579.78,309.72,335.87,244.68,214.74,408.38,374.43,456.63,315.36,320.15,300.54,256.07,354.93,439.62,413.2,437.6,214.68,298.34,285.32
2015-01-01,283.68,307.23,311.75,253.09,506.15,403.69,386.86,422.3,337.79,288.29,531.29,297.93,313.04,252.83,260.61,244.61,295.78,257.26,463.48,428.94,657.16,268.84,326.56,246.74,280.69,383.78,271.91,265.85,398.5,473.13,288.56,585.24,314.29,339.59,246.01,216.43,414.19,378.3,459.93,321.18,322.51,303.05,259.9,358.34,442.59,415.08,442.89,213.39,299.95,288.38
2015-04-01,284.79,311.11,318.6,254.08,518.08,420.76,388.19,421.53,346.18,295.75,535.22,303.32,315.99,256.06,264.2,247.34,299.61,259.38,467.04,432.21,665.34,274.56,333.63,247.12,283.01,389.89,277.14,274.72,404.54,476.83,290.01,589.6,318.47,342.83,250.12,219.45,428.6,381.17,469.59,325.16,327.22,306.71,266.56,364.6,447.71,418.67,456.47,219.42,303.34,289.14
2015-07-01,286.36,314.31,326.07,257.96,532.14,436.7,386.12,424.37,355.0,299.89,543.85,309.78,317.36,257.03,266.59,250.32,301.41,262.22,469.25,432.79,677.07,279.88,339.18,250.1,286.08,394.34,282.0,283.2,409.92,478.38,293.36,595.13,321.16,349.6,252.82,221.91,442.85,382.64,471.56,328.4,331.09,312.28,272.13,371.81,447.7,420.53,469.59,219.05,306.15,295.77
2015-10-01,288.68,315.81,330.43,259.63,539.46,442.9,385.7,427.14,362.24,302.52,549.51,314.61,318.8,258.97,268.72,251.21,303.77,262.74,472.63,434.1,681.48,281.23,339.93,251.52,289.13,397.74,282.8,289.77,410.37,479.61,292.32,597.01,324.5,351.43,253.56,223.71,450.28,383.51,475.06,332.07,334.32,314.83,274.97,376.88,445.31,423.18,477.76,219.37,307.82,294.43
2016-01-01,289.63,316.76,334.45,258.91,546.48,451.13,385.64,428.03,369.19,305.13,565.76,318.19,320.22,258.98,269.91,252.83,305.87,265.58,476.84,437.87,688.6,283.54,341.73,252.44,291.48,401.91,283.23,292.99,413.88,482.79,294.48,599.67,328.31,350.18,254.76,223.34,460.3,385.32,475.68,335.99,337.45,319.0,278.94,382.43,445.57,421.78,487.1,220.25,310.62,294.26
2016-04-01,293.03,318.96,341.27,262.4,556.05,467.0,388.64,432.22,378.31,313.96,568.18,325.07,324.54,264.3,272.85,258.48,310.92,269.64,481.66,442.78,698.02,289.62,349.83,253.81,295.54,403.83,288.98,300.49,419.65,488.12,298.64,610.03,333.6,353.52,259.13,225.42,476.51,391.79,486.89,341.38,340.62,325.67,286.09,391.39,453.57,429.77,504.55,221.65,315.21,297.65
2016-07-01,297.96,320.77,346.82,265.64,567.51,479.35,391.75,437.38,388.82,319.42,578.44,335.96,328.87,268.03,277.05,262.16,314.91,271.74,492.15,448.16,710.16,295.19,354.93,255.55,300.27,412.42,294.05,309.69,426.81,492.29,301.0,618.32,340.47,357.89,264.68,228.42,491.36,395.82,494.21,348.94,347.37,331.43,292.03,400.04,457.72,433.13,519.66,223.31,319.12,300.68
2016-10-01,297.16,318.98,352.56,267.12,575.39,486.81,392.39,440.6,395.64,322.25,584.9,337.44,330.28,269.7,278.44,264.06,316.74,273.46,497.18,450.08,717.28,297.59,357.39,260.0,302.07,412.68,295.02,312.55,429.63,495.15,305.1,624.57,341.99,357.19,264.5,228.72,499.16,396.97,503.86,350.14,349.78,336.2,295.5,404.98,455.31,435.93,527.44,224.61,321.34,300.76
2017-01-01,298.98,320.28,358.93,269.55,584.7,496.25,387.25,440.4,403.8,324.9,589.49,343.38,329.96,270.21,280.45,263.81,319.44,271.7,499.34,449.06,723.4,302.06,361.5,259.73,303.09,418.51,299.06,319.04,432.6,491.64,304.49,626.7,344.15,359.18,265.88,230.59,505.41,398.06,507.4,354.06,352.74,339.64,299.59,413.49,457.96,435.13,539.0,221.93,324.81,298.96
2017-04-01,303.13,320.73,368.66,271.27,597.53,514.18,393.44,440.69,414.01,334.75,598.97,358.14,334.29,276.03,284.57,271.0,326.5,276.32,505.22,458.08,743.4,310.96,373.15,259.67,310.0,423.22,307.79,329.44,442.86,499.58,306.91,637.36,355.09,358.67,274.1,234.73,522.56,405.83,518.5,361.21,361.13,348.56,308.87,427.3,461.06,445.38,559.97,224.43,333.26,301.06
2017-07-01,305.64,324.46,376.61,275.03,609.41,522.09,396.09,443.45,421.51,339.86,609.83,365.61,338.29,280.88,288.65,274.16,331.52,280.58,515.82,461.75,753.53,317.07,378.22,263.66,314.08,433.08,312.03,339.57,450.66,506.05,313.89,650.52,360.03,362.24,277.85,235.58,532.31,411.39,528.58,368.3,366.07,356.21,313.99,437.45,463.77,448.19,577.49,224.84,337.33,303.12
2017-10-01,308.34,327.21,380.82,277.42,619.16,530.23,395.97,447.88,429.83,343.31,612.81,372.24,339.48,283.55,289.61,275.09,332.29,280.61,521.56,465.3,760.42,319.01,379.73,264.41,316.42,436.17,314.3,348.09,454.64,509.51,314.59,657.65,361.78,361.85,278.68,236.9,535.56,413.31,534.64,371.53,368.93,361.05,317.01,443.31,470.78,449.9,586.26,229.14,337.89,307.21
2018-01-01,311.09,320.95,389.94,279.91,630.97,544.91,394.34,457.34,438.58,352.2,620.39,383.4,341.57,287.87,290.8,279.69,337.28,281.58,524.8,468.26,769.73,323.08,385.53,267.6,321.36,442.02,318.03,360.17,462.67,513.22,314.61,665.44,368.8,361.54,282.57,237.89,544.58,418.01,545.44,379.41,372.23,367.02,321.37,453.51,472.74,455.86,600.52,229.53,343.55,312.96
2018-04-01,316.5,328.31,398.3,282.8,644.24,559.8,396.95,460.17,448.0,360.92,625.82,401.25,343.89,295.86,296.72,285.46,342.4,282.04,538.2,473.75,785.41,332.25,395.32,267.45,327.36,451.07,324.92,375.16,471.54,517.38,321.13,674.24,378.78,366.31,289.18,241.52,558.85,424.87,554.36,384.66,377.4,376.03,328.97,468.84,479.84,461.28,623.77,232.67,352.7,311.81
2018-07-01,320.89,328.48,407.97,285.51,652.74,568.26,400.89,459.58,455.39,367.44,634.32,412.13,345.5,299.83,299.57,286.06,345.4,284.17,543.2,475.03,795.06,337.8,400.65,269.98,330.74,456.99,330.0,386.65,478.47,521.88,324.23,684.86,383.31,364.74,294.12,243.4,565.39,428.82,562.01,390.84,382.95,381.21,333.58,479.14,479.71,464.13,631.1,231.7,357.22,316.88
2018-10-01,321.36,327.22,412.29,288.17,653.24,570.27,399.46,463.7,459.12,369.96,638.06,420.09,345.53,302.38,300.33,290.09,347.47,284.64,548.46,473.54,796.86,338.85,400.14,272.56,334.6,463.26,331.64,392.8,480.76,522.95,326.73,687.6,386.68,366.74,294.99,244.29,566.63,430.06,564.77,393.8,387.16,386.75,334.92,485.25,480.3,465.54,632.92,230.86,358.7,318.11
2019-01-01,327.82,330.77,417.85,289.75,657.42,578.38,401.39,469.39,467.22,375.51,645.64,428.8,348.6,306.17,302.23,291.6,350.5,288.34,552.36,478.58,806.04,343.03,404.48,274.79,336.63,465.21,335.78,395.31,485.62,527.54,329.21,692.23,392.66,368.7,298.09,247.3,572.62,434.4,568.66,398.42,389.25,390.17,338.87,493.39,487.03,470.58,641.24,232.4,362.2,318.6
2019-04-01,332.82,335.05,426.57,294.0,664.4,587.67,408.14,477.61,473.98,384.49,649.69,442.71,353.58,312.07,305.44,297.75,356.8,291.37,565.33,486.96,818.53,350.14,412.32,279.37,343.2,474.63,343.58,401.01,495.5,535.32,337.46,706.97,399.61,375.52,304.72,250.13,583.6,443.36,579.88,407.59,395.15,397.66,345.59,503.83,494.97,480.75,654.0,237.08,368.62,326.78
2019-07-01,337.92,338.04,432.43,297.87,671.08,592.42,412.47,481.53,482.11,388.84,655.42,454.71,356.51,316.7,308.45,301.25,361.66,293.65,573.72,491.73,827.72,354.24,417.53,283.18,346.56,484.81,345.57,407.09,502.55,543.83,343.39,716.84,404.36,378.0,309.09,255.67,590.42,448.88,586.92,412.21,400.82,403.97,350.55,511.89,502.18,485.46,662.3,238.8,373.0,332.54
2019-10-01,342.13,339.36,439.79,300.81,675.77,598.07,414.79,486.42,488.05,393.91,663.48,465.32,359.02,320.02,310.55,304.43,365.05,296.28,581.38,494.62,836.14,356.9,419.76,285.26,351.59,487.72,347.99,408.0,507.84,547.69,347.24,724.63,409.96,380.37,312.05,258.08,596.36,453.36,595.01,417.9,406.4,409.96,353.19,519.95,504.87,489.38,669.81,241.6,375.62,337.43
2020-01-01,345.92,342.4,449.11,302.99,680.72,604.06,417.63,492.48,496.23,399.17,661.99,474.14,359.73,323.35,312.4,306.81,367.19,299.18,586.99,498.49,843.18,359.25,423.7,288.23,354.18,496.74,351.86,414.19,515.91,551.38,352.07,732.79,415.42,380.6,315.72,259.5,601.19,458.52,599.17,423.4,408.11,415.09,356.05,525.45,512.5,494.66,678.68,243.76,377.52,339.43
2020-04-01,350.35,344.51,455.75,304.23,686.01,609.59,420.3,494.34,500.8,401.87,666.43,481.38,360.46,326.17,313.08,309.68,371.66,300.84,594.27,501.29,848.51,362.41,426.0,288.5,356.07,495.88,352.88,418.15,521.84,554.59,355.59,734.89,418.54,380.08,318.31,261.26,608.54,460.44,605.06,425.28,411.52,418.85,358.02,533.83,512.95,498.67,688.85,245.35,379.59,341.74
